Common name,Body mass (g),Metabolic rate (W),Maximum longevity (yrs),R_raw,R_mass_specific,R_allometric_scaled,Predicted_Lifespan,Residual,Relative_Error
American toad,21.6,0.00829,36.0,0.00829,0.3837962962962963,0.000827397524492769,30.252396096832253,5.747603903167747,0.15965566397688186
Southern toad,19.2,0.00698,10.0,0.00698,0.3635416666666667,0.0007609909659330101,30.619717000156133,-20.619717000156133,-2.0619717000156133
Cane toad,105.0,0.0303,24.8,0.0303,0.2885714285714286,0.0009237419233351762,32.20090463553557,-7.400904635535571,-0.2984235740135311
Gray treefrog,6.97,0.00433,7.8,0.00433,0.6212338593974175,0.0010094000287790535,27.060295468423753,-19.260295468423752,-2.469268649797917
African clawed frog,63.6,0.012,30.3,0.012,0.18867924528301885,0.0005328296814014488,35.17373297203797,-4.873732972037967,-0.16084927300455337
American bullfrog,51.2,0.0134,16.0,0.0134,0.26171875,0.0007000875067721919,32.87728429554244,-16.877284295542438,-1.0548302684714024
Northern leopard frog,21.6,0.00576,9.0,0.00576,0.26666666666666666,0.0005748865791409348,32.747246616631685,-23.747246616631685,-2.6385829574035204
Wood frog,7.8,0.00416,5.0,0.00416,0.5333333333333333,0.0008912968642757273,28.057183604446575,-23.057183604446575,-4.611436720889315
Spotted salamander,12.8,0.005,32.0,0.005,0.390625,0.0007388606320337312,30.133243081832003,1.8667569181679973,0.058336153692749915
Tiger salamander,3.21,0.00196,25.0,0.00196,0.6105919003115264,0.0008172920925349178,27.172503159678875,-2.1725031596788753,-0.08690012638715501
Two-toed amphiuma,199.0,0.00904,27.0,0.00904,0.045427135678391954,0.00017061948359585783,45.56953525642039,-18.569535256420387,-0.687760565052607
Hellbender,358.0,0.0253,29.0,0.0253,0.07067039106145251,0.0003074031059270665,42.290734101828065,-13.290734101828065,-0.45830117592510566
Black-bellied salamander,14.1,0.00411,15.0,0.00411,0.29148936170212764,0.0005648426571554623,32.13148499953121,-17.13148499953121,-1.1420989999687474
Eastern red-backed salamander,0.76,9.9e-05,25.0,9.9e-05,0.13026315789473683,0.00012162560130390051,37.824044030187004,-12.824044030187004,-0.5129617612074802
Northern slimy salamander,4.2,0.00191,20.1,0.00191,0.4547619047619047,0.000651023101057056,29.11300381502008,-9.013003815020078,-0.4484081500009989
European fire salamander,19.1,0.00857,24.0,0.00857,0.4486910994764397,0.0009380063890175593,29.202689016732634,-5.202689016732634,-0.21677870903052643
Eurasian sparrowhawk,135.0,0.9516,20.2,0.9516,7.0488888888888885,0.024027252202899387,13.447377341492603,6.752622658507397,0.3342882504211583
Golden eagle,3000.0,4.9929,48.0,4.9929,1.6643,0.012317198115165105,20.986784153964205,27.013215846035795,0.5627753301257458
Red-shouldered hawk,658.0,2.11,22.4,2.11,3.206686930091185,0.016241010049668506,17.344202036391795,5.055797963608203,0.22570526623250908
Black-chested buzzard-eagle,2860.0,5.1887,42.0,5.1887,1.8142307692307693,0.013267345428001126,20.488259076290532,21.511740923709468,0.5121843077073682
"European honey buzzard, or Western honey-buzzard",652.0,2.36428,29.0,2.36428,3.626196319018405,0.01832370163931648,16.700535402856033,12.299464597143967,0.42411946886703333
Wood duck,448.0,2.247,22.5,2.247,5.015625,0.023075151545218033,15.064476956083803,7.435523043916197,0.33046769084071986
Northern shoveler,554.0,3.9209,22.6,3.9209,7.0774368231046925,0.034336295866357044,13.428793549879307,9.171206450120694,0.4058055951380838
Green-winged teal,250.0,1.68388,27.1,1.68388,6.73552,0.026782809495125223,13.65747937449184,13.44252062550816,0.49603397142096534
Eurasian wigeon,723.0,2.8538,35.2,2.8538,3.94716459197787,0.02046773618830864,16.263991237219326,18.936008762780677,0.5379547943971783
Mallard,1020.0,4.068,29.1,4.068,3.9882352941176467,0.02253880132870943,16.2111333254091,12.8888666745909,0.442916380570134
American black duck,904.0,3.6076,26.6,3.6076,3.99070796460177,0.021882254028361345,16.20797131985809,10.392028680141912,0.3906777699301471
Common swift,44.9,0.4372,21.1,0.4372,9.737193763919823,0.02520550467737317,12.008568781595397,9.091431218404605,0.43087351745993385
Ruby-throated hummingbird,3.2,0.07832,9.1,0.07832,24.474999999999998,0.03273483792859586,8.429911448737672,0.670088551262328,0.07363610453432176
Anna's hummingbird,4.8,0.1175,8.5,0.1175,24.479166666666668,0.03623322063660146,8.429322613543071,0.07067738645692856,0.008314986641991595
Rufous hummingbird,3.8,0.06853,8.9,0.06853,18.03421052631579,0.025179264173906313,9.529018695953216,-0.6290186959532154,-0.07067625797227138
Calliope hummingbird,3.0,0.06853,7.0,0.06853,22.84333333333333,0.030063517369211434,8.670747034414035,-1.6707470344140347,-0.23867814777343352
Brown kiwi,2380.0,4.029,35.0,4.029,1.6928571428571428,0.01182400349974325,20.88800604212373,14.111993957876269,0.4031998273678934
Common nighthawk,72.0,0.4421,10.0,0.4421,6.140277777777778,0.017886326022650643,14.090688630907563,-4.090688630907563,-0.4090688630907563
Common murre,956.0,6.8224,42.8,6.8224,7.136401673640168,0.03968201888588203,13.390691595820686,29.409308404179313,0.6871333739294233
Thick-billed murre,989.0,6.8224,29.0,6.8224,6.898281092012134,0.038684764732973526,13.546930575623133,15.453069424376867,0.5328644629095471
Little ringed plover,36.0,0.416,13.0,0.416,11.555555555555555,0.028305214805494503,11.284701485840477,1.7152985141595227,0.13194603955073253
Eurasian oystercatcher,449.0,2.91,43.3,2.91,6.481069042316259,0.029833776592719644,13.836852512374428,29.46314748762557,0.6804422052569417
"Brown noddy, or Noddy tern",138.7,0.788095,26.2,0.788095,5.682011535688536,0.01949939901744082,14.459742273029965,11.740257726970034,0.44810143996068835
White tern,98.1,0.82236,35.9,0.82236,8.382874617737004,0.026382152251766412,12.663724232436689,23.23627576756331,0.6472500213805936
Herring gull,1000.0,4.817,49.0,4.817,4.817,0.027087981634419115,15.263294125801268,33.736705874198734,0.6885042015142598
Mew gull,431.0,2.257,33.7,2.257,5.236658932714618,0.023860174001353582,14.853864133184604,18.8461358668154,0.5592325183031275
Ring-billed gull,439.0,2.91742,31.8,2.91742,6.645603644646925,0.030419394538826715,13.719927852813987,18.080072147186016,0.5685557278989313
Western gull,761.0,3.43629,33.9,3.43629,4.5154927726675425,0.023716539207577405,15.584303867444115,18.315696132555885,0.5402860216093182
Ruddy turnstone,90.0,0.92,22.3,0.92,10.222222222222223,0.03148516294646379,11.800316492640444,10.499683507359556,0.47083782544213254
American woodcock,156.7,1.066,20.9,1.066,6.802807913209957,0.02406885648335146,13.611394069836043,7.288605930163955,0.34873712584516536
Eurasian woodcock,430.0,2.16,15.5,2.16,5.023255813953488,0.022874542115728785,15.05702467609143,0.44297532390856986,0.028579053155391602
White-tipped dove,131.0,0.8884,8.6,0.8884,6.781679389312977,0.022943257434095813,13.625806114587471,-5.025806114587471,-0.5843960598357525
Wonga pigeon,445.0,1.695,16.3,1.695,3.808988764044944,0.01749442586498791,16.446653461763,-0.1466534617629982,-0.008997144893435472
European turtle-dove,154.0,1.138,13.2,1.138,7.389610389610389,0.02603165149631328,13.231252528584085,-0.031252528584085226,-0.0023676158018246384
Mourning dove,123.0,0.736,31.3,0.736,5.983739837398374,0.019927323938916428,14.212965717152125,17.087034282847874,0.5459116384296445
Common kingfisher,34.3,0.378,21.0,0.378,11.020408163265307,0.02666988910094974,11.482484230074059,9.517515769925941,0.45321503666314006
"Common cuckoo, or Eurasian cuckoo",111.6,0.838,12.9,0.838,7.508960573476703,0.02440595873710422,13.158353935111416,-0.25835393511141547,-0.020027436830342284
Greater roadrunner,284.7,1.4661,9.0,1.4661,5.149631190727081,0.021153049875156656,14.935513594537602,-5.935513594537602,-0.6595015105041779
Eurasian hobby,208.0,1.3014,14.9,1.3014,6.256730769230769,0.023760922685016218,14.00210272308761,0.8978972769123903,0.060261562208885254
Gambel's quail,126.1,0.755,7.4,0.755,5.987311657414751,0.02006368203969112,14.210133442240048,-6.810133442240048,-0.9202883030054118
Ruffed grouse,644.0,2.3894,11.0,2.3894,3.710248447204969,0.018690652317379066,16.581985484510874,-5.581985484510874,-0.5074532258646248
Common quail,97.0,0.891,14.6,0.891,9.185567010309278,0.0288269638402996,12.26126373985494,2.33873626014506,0.16018741507842876
Blue grouse,1131.0,4.957,14.0,4.957,4.3828470380194515,0.02541686400533208,15.733606180580411,-1.733606180580411,-0.1238290128986008
Red junglefowl,2710.0,6.005,30.0,6.005,2.215867158671587,0.015987701958634044,19.354671775890143,10.645328224109857,0.3548442741369952
Willow ptarmigan,567.0,2.872,9.0,2.872,5.065255731922399,0.024717078757651008,15.01624499206935,-6.01624499206935,-0.6684716657854833
Grey partridge,501.0,2.1783,5.2,2.1783,4.347904191616767,0.02057024181361546,15.773820517822205,-10.573820517822206,-2.0334270226581164
Western capercaillie,4010.0,11.816,18.0,11.816,2.946633416458853,0.023448345405117327,17.794352252587732,0.205647747412268,0.01142487485623711
"Eurasian coot, or Coot",412.0,2.039,20.6,2.039,4.949029126213593,0.02229689115286871,15.130087534670487,5.469912465329514,0.26552973132667546
Great reed-warbler,21.9,0.257,10.1,0.257,11.7351598173516,0.02538633678084033,11.220815362828372,-1.1208153628283721,-0.11097181810181903
Marsh warbler,10.8,0.203,9.8,0.203,18.796296296296298,0.03407440031463466,9.375035093781168,0.42496490621883254,0.04336376594069719
Sedge warbler,11.5,0.218,11.8,0.218,18.956521739130434,0.034908654774139576,9.343650686847953,2.4563493131520477,0.20816519602983455
Icterine warbler,12.5,0.252,10.8,0.252,20.16,0.03790687917831085,9.118047590138444,1.681952409861557,0.15573633424644046
Long-tailed tit,8.9,0.199,11.1,0.199,22.359550561797754,0.038619849002681964,8.74635436980361,2.3536456301963895,0.2120401468645396
Bushtit,5.5,0.122375,9.1,0.122375,22.25,0.034073809238897745,8.763761635342814,0.33623836465718604,0.036949270841449014
Eurasian skylark,31.7,0.722,10.1,0.722,22.77602523659306,0.054043410849716235,8.681144824743967,1.4188551752560326,0.14048071042138938
Horned lark,26.0,0.3133,8.0,0.3133,12.05,0.02721011541545637,11.111658806196477,-3.111658806196477,-0.3889573507745596
Wood lark,25.5,0.572,6.0,0.572,22.431372549019606,0.05040700493658304,8.735000219351797,-2.7350002193517966,-0.4558333698919661
Bohemian waxwing,72.5,0.9566,13.5,0.9566,13.19448275862069,0.03850143101603821,10.742456407712291,2.7575435922877087,0.20426248831760804
Northern cardinal,41.0,0.5163,28.5,0.5163,12.592682926829267,0.03186502272265648,10.931465362109225,17.568534637890775,0.6164398118558166
Common raven,1203.0,5.5656,69.0,5.5656,4.62643391521197,0.027246628471237162,15.463333038773596,53.5366669612264,0.775893724075745
Carrion crow,518.0,3.3531,19.2,3.3531,6.473166023166023,0.030881556799119393,13.842557542364336,5.357442457635663,0.2790334613351908
Chihuahuan raven,640.0,3.86705,21.8,3.86705,6.042265625,0.03039098715159622,14.166809019070508,7.633190980929493,0.3501463752719951
Rook,390.0,2.6433,23.8,2.6433,6.777692307692307,0.030119516826857394,13.62853176824062,10.17146823175938,0.42737261477980587
Eurasian jay,153.0,1.39997,17.9,1.39997,9.150130718954248,0.03218104600195491,12.278121525206188,5.62187847479381,0.3140714231728386
Spotted nutcracker,147.0,1.346,19.9,1.346,9.156462585034015,0.03188284433929026,12.275103537208661,7.624896462791337,0.3831606262709215
Black-billed magpie,158.9,1.196,20.0,1.196,7.5267463813719315,0.026723187369998718,13.14760940237661,6.8523905976233905,0.3426195298811695
Yellow-billed magpie,151.9,1.471,10.0,1.471,9.684002633311389,0.03399729332639757,12.032170866125982,-2.0321708661259823,-0.20321708661259824
Yellowhammer,26.8,0.436,13.2,0.436,16.268656716417908,0.03701565116681031,9.919179655975574,3.2808203440244252,0.24854699575942618
Ortolan bunting,27.0,0.407,6.8,0.407,15.074074074074073,0.03436145822891091,10.214280050771903,-3.414280050771903,-0.5021000074664563
Reed bunting,17.6,0.3,12.2,0.3,17.045454545454543,0.03491296667333336,9.741337007705038,2.458662992294961,0.2015297534668001
White-rumped munia,10.3,0.21538,10.0,0.21538,20.910679611650483,0.03746083504732759,8.985696842832587,1.0143031571674133,0.10143031571674133
Common redpoll,14.0,0.2888,12.2,0.2888,20.62857142857143,0.03990259701237878,9.034725660808414,3.165274339191585,0.25944871632717914
Common rosefinch,21.6,0.358,9.0,0.358,16.574074074074073,0.03573079780077337,9.848023351327887,-0.8480233513278872,-0.09422481681420969
Chaffinch,21.0,0.373,29.0,0.373,17.76190476190476,0.03802282325296052,9.586018856450437,19.413981143549563,0.6694476256396401
Brambling,21.0,0.383,14.8,0.383,18.238095238095237,0.03904220189245008,9.487038269268957,5.312961730731043,0.35898390072507047
Cassin's finch,27.4,0.339,7.0,0.339,12.37226277372263,0.028306539263401844,11.003485122052462,-4.003485122052462,-0.5719264460074945
House finch,20.4,0.3108,11.6,0.3108,15.235294117647062,0.032378623704604634,10.172793530543341,1.4272064694566584,0.12303504047040159
Evening grosbeak,54.5,0.7294,17.0,0.7294,13.383486238532111,0.036363726466041434,10.685270064121418,6.314729935878582,0.3714547021105048
Apapane,13.5,0.3,11.0,0.3,22.22222222222222,0.0425962069497515,8.768192591295499,2.2318074087045012,0.2028915826095001
Red crossbill,39.4,0.607,16.1,0.607,15.406091370558377,0.03859815312531141,10.129430635073037,5.970569364926964,0.37084281769732697
White-winged crossbill,29.8,0.46992,4.0,0.46992,15.769127516778523,0.036843572213829376,10.03920586443703,-6.0392058644370294,-1.5098014661092574
House canary,13.3,0.230065,24.0,0.230065,17.29812030075188,0.03303405011832603,9.685649852667948,14.314350147332052,0.5964312561388355
Pine siskin,14.0,0.3003,11.0,0.3003,21.45,0.04149151621474151,8.894236358913563,2.105763641086437,0.19143305828058518
American goldfinch,13.6,0.4108,13.0,0.4108,30.205882352941178,0.05800644548930005,7.7223119309682,5.2776880690318,0.4059760053101385
Barn swallow,18.0,0.3158,16.0,0.3158,17.544444444444448,0.036137470224770436,9.632325825228978,6.367674174771022,0.39797963592318886
Bank swallow,13.6,0.2328,10.1,0.2328,17.117647058823533,0.032872201825484546,9.725321682812513,0.37467831718748634,0.037096863087869934
Baltimore oriole,37.5,0.5052,14.0,0.5052,13.472,0.03333802677786466,10.658828945691361,3.3411710543086386,0.2386550753077599
Brown-headed cowbird,42.5,0.6315,16.9,0.6315,14.858823529411762,0.037938631162237765,10.270533070792226,6.629466929207773,0.3922761496572647
Red-backed shrike,27.0,0.383,10.1,0.383,14.185185185185185,0.032335229733839996,10.453296588344854,-0.353296588344854,-0.03497986023216376
Northern shrike,72.4,0.8161,12.0,0.8161,11.272099447513812,0.032880578750418624,11.38803608738276,0.6119639126172398,0.05099699271810332
Meadow pipit,18.9,0.3,13.1,0.3,15.873015873015872,0.03309595379629172,10.013859061267937,3.086140938732063,0.23558327776580634
Tree pipit,19.7,0.339,8.8,0.339,17.20812182741117,0.03625350733076621,9.705368745705446,-0.9053687457054451,-0.10288281201198239
White wagtail,18.0,0.3,13.7,0.3,16.666666666666668,0.03432945239845196,9.826771966890265,3.8732280331097346,0.28271737467954267
Yellow wagtail,14.7,0.257,8.8,0.257,17.482993197278912,0.034233012783838675,9.645541140781958,-0.8455411407819575,-0.09608422054340425
European robin,17.6,0.281,19.3,0.281,15.965909090909092,0.03270181211735558,9.99136830281051,9.30863169718949,0.4823125231704399
European pied flycatcher,11.7,0.232,15.0,0.232,19.829059829059833,0.03667318156231619,9.178371618656364,5.821628381343636,0.3881085587562424
Spotted flycatcher,14.4,0.2476,11.8,0.2476,17.194444444444443,0.03349490661318104,9.708376720562521,2.0916232794374796,0.1772562101218203
Black-capped chickadee,10.3,0.252,12.4,0.252,24.466019417475728,0.043830116222149475,8.431181019679036,3.9688189803209646,0.3200660468000778
Common yellowthroat,10.6,0.17622,11.5,0.17622,16.62452830188679,0.02999686012246268,9.836425129834902,1.6635748701650979,0.14465868436218243
Orange-crowned warbler,9.3,0.151745,8.6,0.151745,16.316666666666663,0.0284939185515325,9.90788497992408,-1.307884979924081,-0.15207964882838151
Black-and-white warbler,8.2,0.12727,12.2,0.12727,15.520731707317074,0.02626428938102537,10.100657354943218,2.0993426450567814,0.17207726598826079
Northern waterthrush,18.7,0.28391,8.9,0.28391,15.182352941176472,0.03157181030927948,10.18635671655974,-1.2863567165597392,-0.14453446253480215
Prothonotary warbler,12.8,0.1994,8.1,0.1994,15.578124999999998,0.029465762005505197,10.086350983734016,-1.9863509837340168,-0.24522851651037245
Ovenbird,19.0,0.24475,11.0,0.24475,12.881578947368421,0.026894129996069962,10.839378639681376,0.16062136031862373,0.014601941847147611
Northern parula,7.0,0.122375,7.0,0.122375,17.482142857142858,0.028436043819680932,9.64572441486272,-2.6457244148627197,-0.3779606306946742
Black-throated blue warbler,9.4,0.18601,10.0,0.18601,19.788297872340426,0.034648975869103794,9.18588887940231,0.8141111205976905,0.08141111205976906
Hooded warbler,12.0,0.21538,8.2,0.21538,17.94833333333333,0.033405612425568366,9.546878473149516,-1.3468784731495163,-0.16425347233530688
Yellow-rumped (myrtle) warbler,11.5,0.1895,10.0,0.1895,16.47826086956522,0.030344908622474537,9.870169634094903,0.12983036590509656,0.012983036590509655
Yellow-throated warbler,9.8,0.1604,6.1,0.1604,16.367346938775505,0.028959083102036494,9.896006733711593,-3.796006733711593,-0.6222961858543595
"Palm warbler, or Western palm warbler",9.8,0.1554,6.6,0.1554,15.857142857142856,0.0280563685414992,10.017718456436583,-3.4177184564365835,-0.5178361297631188
Pine warbler,12.0,0.1795,10.2,0.1795,14.958333333333332,0.02784059536813781,10.24440313751492,-0.0444031375149212,-0.004353248775972667
Blue-winged warbler,7.8,0.1505,9.0,0.1505,19.294871794871796,0.03224523511382139,9.278451382222265,-0.27845138222226495,-0.03093904246914055
Grasshopper sparrow,13.8,0.1796,9.1,0.1796,13.014492753623188,0.025084013020228724,10.797859035727456,-1.697859035727456,-0.18657791601400614
Black-throated sparrow,11.6,0.1988,6.0,0.1988,17.13793103448276,0.03162808433394637,9.720836951984493,-3.7208369519844933,-0.6201394919974156
Dark-eyed junco,18.0,0.2959,11.3,0.2959,16.43888888888889,0.03386028321567312,9.87931645972039,1.4206835402796099,0.12572420710439025
Swamp sparrow,14.9,0.211,7.8,0.211,14.161073825503355,0.027822282370392203,10.460035716166473,-2.6600357161664734,-0.34103022002134276
Song sparrow,19.1,0.25,11.3,0.25,13.089005235602093,0.02736308019304432,10.774809914786978,0.5251900852130227,0.046476998691417935
Abert's towhee,46.6,0.73425,8.6,0.73425,15.756437768240342,0.04116750222798567,10.042316096495062,-1.4423160964950625,-0.1677111740110538
Canyon towhee,43.7,0.670615,12.8,0.670615,15.345881006864987,0.039455921019129946,10.144648995329238,2.655351004670763,0.20744929723990335
Savannah sparrow,15.9,0.221,18.0,0.221,13.89937106918239,0.027755204428983823,10.534103743978653,7.465896256021347,0.41477201422340815
Vesper sparrow,21.5,0.27412,7.9,0.27412,12.749767441860465,0.02745439502576258,10.881076465576315,-2.981076465576315,-0.37735145133877407
Chipping sparrow,11.9,0.1945,11.8,0.1945,16.34453781512605,0.03035703732561363,9.901346993172485,1.8986530068275158,0.1609027971887725
White-throated sparrow,20.2,0.278,14.9,0.278,13.762376237623764,0.02917637073825392,10.573564831720809,4.3264351682791915,0.2903647763945766
White-crowned sparrow,26.1,0.336,13.3,0.336,12.873563218390805,0.029097715740801108,10.84189939139864,2.4581006086013613,0.1848195946316813
Harris's sparrow,33.3,0.4552,11.7,0.4552,13.669669669669672,0.03283742381908044,10.600544141067388,1.099455858932611,0.09397058623355652
Eurasian tree sparrow,17.5,0.2007,13.1,0.2007,11.468571428571426,0.023456803836842115,11.316079725103261,1.7839202748967384,0.13617712022112508
"Common chiffchaff, or Eurasian chiffchaff",8.2,0.165,8.0,0.165,20.121951219512198,0.03405050481550394,9.124919840326502,-1.124919840326502,-0.14061498004081274
Willow warbler,10.7,0.208,11.8,0.208,19.439252336448597,0.035158108470427836,9.251063097862593,2.5489369021374078,0.21601160187605148
Hedge sparrow,16.8,0.325,20.8,0.325,19.34523809523809,0.03916529478445688,9.268868122641123,11.531131877358877,0.5543813402576383
Goldcrest,5.5,0.184,7.0,0.184,33.45454545454545,0.05123253033672879,7.393211504269268,-0.3932115042692681,-0.05617307203846687
Crested myna,109.4,1.2092,13.0,1.2092,11.053016453382083,0.0357466334478318,11.470100290117303,1.529899709882697,0.11768459306789977
European starling,75.0,0.877,22.9,0.877,11.693333333333333,0.03441150331663518,11.235586031525463,11.664413968474536,0.5093630553919012
Garden warbler,24.8,0.416,24.0,0.416,16.774193548387096,0.03743299446238406,9.802276159437438,14.197723840562562,0.5915718266901068
Lesser whitethroat,10.6,0.199,9.0,0.199,18.77358490566038,0.033874561141584804,9.379510750769999,-0.37951075076999885,-0.04216786119666654
Winter wren,9.0,0.213,7.0,0.213,23.666666666666668,0.04099186911246343,8.546602403972374,-1.5466024039723738,-0.22094320056748198
Western bluebird,27.5,0.423,8.7,0.423,15.381818181818181,0.03522417637012444,10.135556893148557,-1.4355568931485578,-0.165006539442363
Redwing,58.0,0.722,18.8,0.722,12.448275862068964,0.03435312126230875,10.978472285448564,7.821527714551436,0.41603870822082106
Song thrush,62.8,0.726,17.7,0.726,11.560509554140127,0.032543697011987505,11.282923092371469,6.41707690762853,0.3625467179451147
Eastern wood pewee,13.9,0.2576,8.2,0.2576,18.532374100719423,0.035783659981946055,9.427466420639002,-1.2274664206390025,-0.14969102690719543
Acadian flycatcher,12.3,0.1795,12.1,0.1795,14.593495934959348,0.02732974750488749,10.341274220496164,1.7587257795038358,0.14534923797552363
Great crested flycatcher,33.9,0.384,14.9,0.384,11.327433628318584,0.027332631783185304,11.367616421631206,3.532383578368794,0.23707272338045596
Eastern phoebe,21.6,0.3449,10.3,0.3449,15.967592592592592,0.03442333006001882,9.990962200241832,0.30903779975816903,0.030003669879433884
Eastern kingbird,35.7,0.4372,11.1,0.4372,12.246498599439775,0.0299349813006852,11.04528525671725,0.05471474328274972,0.004929256151599074
American bittern,600.0,2.7412,8.3,2.7412,4.568666666666667,0.02261139128154261,15.525892172538255,-7.225892172538254,-0.8705894183781028
Acorn woodpecker,73.0,0.737,17.2,0.737,10.095890410958905,0.029510416754175765,11.85338515928978,5.3466148407102185,0.3108497000412918
Downy woodpecker,21.7,0.383,11.9,0.383,17.649769585253456,0.038093771602563796,9.609808724163706,2.2901912758362943,0.19245304838960456
Wandering albatross,8130.0,20.3649,50.0,20.3649,2.5049077490774905,0.023785614324400545,18.675368515581944,31.324631484418056,0.6264926296883612
Laysan albatross,2522.0,7.462,70.0,7.462,2.9587628865979383,0.020967489443097575,17.77235014799434,52.227649852005655,0.7461092836000808
Grey-headed albatross,3753.0,8.5312,47.2,8.5312,2.273168132160938,0.017792058591374647,19.21222555820052,27.987774441799484,0.5929613229194806
Bulwer's petrel,87.0,0.513975,22.9,0.513975,5.9077586206896555,0.018042742694633438,14.273695040976092,8.626304959023907,0.37669453969536715
Port Lincoln ringneck,137.0,0.718,17.9,0.718,5.240875912408758,0.017930153966648456,14.849948537820902,3.0500514621790966,0.17039393643458642
Sulphur-crested cockatoo,776.1,3.419,57.0,3.419,4.40536013400335,0.023252028051348943,15.70789540466905,41.29210459533095,0.724422887637385
Galah,268.7,1.248,40.0,1.248,4.644585039077038,0.018804588556573198,15.443865583595315,24.556134416404685,0.6139033604101172
Budgerigar,25.2,0.3035,21.0,0.3035,12.043650793650793,0.026984121883014238,11.11382550633302,9.88617449366698,0.47077021398414187
Monk parakeet,80.4,0.5189,22.1,0.5189,6.453980099502488,0.01932598482248428,13.856442073165447,8.243557926834555,0.37301167089749115
King penguin,13270.0,25.889,27.0,25.889,1.950941974378297,0.020939296346383408,20.072820385479204,6.927179614520796,0.25656220794521467
Northern saw-whet owl,124.0,0.654,17.5,0.654,5.274193548387097,0.01759995204374928,14.819142376768909,2.6808576232310912,0.1531918641846338
Long-eared owl,252.0,0.954,27.8,0.954,3.7857142857142856,0.015083355571264537,16.478181707308465,11.321818292691535,0.40725965081624227
Snowy owl,2026.0,4.2244,28.0,4.2244,2.085093780848964,0.0139889607996812,19.696156466953468,8.303843533046532,0.2965658404659476
Great horned owl,1450.0,5.2442,29.0,5.2442,3.616689655172414,0.022317895745214308,16.714145073148185,12.285854926851815,0.4236501698914419
Eastern screech-owl,166.0,0.586,20.7,0.586,3.5301204819277103,0.012671165110450432,16.84002538629113,3.859974613708868,0.1864722035608149
Elf owl,45.9,0.259435,14.0,0.259435,5.652178649237474,0.014711909733810816,14.484983446789688,-0.48498344678968763,-0.03464167477069197
Spotted owl,571.0,2.675,25.0,2.675,4.684763572679509,0.02290059177863523,15.401089580791876,9.598910419208124,0.383956416768325
Ostrich,100000.0,69.6339,50.0,69.6339,0.6963389999999999,0.012382853061070936,26.323739166191203,23.676260833808797,0.4735252166761759
Anhinga,1040.0,3.2258,16.4,3.2258,3.101730769230769,0.017614180121654145,17.52061205187787,-1.1206120518778704,-0.06833000316328479
Double-crested cormorant,1330.0,5.6096,22.5,5.6096,4.217744360902255,0.02547083389696039,15.927020158198983,6.572979841801017,0.2921324374133785
Masked booby,1289.0,5.5209,25.5,5.5209,4.283087664856478,0.025663754539661934,15.849428387803133,9.650571612196867,0.37845378871360263
Lesser hedgehog tenrec,116.4,0.75,19.0,0.75,6.443298969072165,0.021163940317931507,13.864193154804681,5.135806845195319,0.2703056234313326
Streaked tenrec,116.4,0.38,2.7,0.38,3.2646048109965635,0.01072306309441863,17.24969402638903,-14.54969402638903,-5.38877556532927
Dobson's shrew tenrec,44.6,0.315,5.6,0.315,7.062780269058296,0.018251955857426443,13.438323276740068,-7.838323276740068,-1.3997005851321551
Talazac's shrew tenrec,44.0,0.243,5.8,0.243,5.5227272727272725,0.014223836981523613,14.596368364142025,-8.796368364142026,-1.5166152351969011
Greater hedgehog tenrec,427.6,0.573,14.1,0.573,1.3400374181478014,0.006093633772501323,22.2639934651448,-8.1639934651448,-0.5790066287336738
"Tailess tenrec, or Tenrec",650.0,0.729,8.7,0.729,1.1215384615384614,0.005662947179801525,23.33873050804314,-14.638730508043142,-1.6826127020739245
Pronghorn,34779.3,50.973,17.0,50.973,1.4656131664524585,0.020014722221991726,21.73182181741883,-4.73182181741883,-0.27834245984816647
Domestic cattle,347000.0,306.77,20.0,306.77,0.8840634005763688,0.02145684086393558,24.809949114527967,-4.809949114527967,-0.24049745572639836
Blue wildebeest,196500.0,230.073,24.3,230.073,1.1708549618320612,0.02465152207712545,23.07682609912958,1.223173900870421,0.0503363745214165
Waterbuck,100000.0,148.949,30.0,148.949,1.4894900000000002,0.026487293984588756,21.636445890533185,8.363554109466815,0.2787851369822272
Kirk's dik-dik,4290.0,11.966,17.3,11.966,2.789277389277389,0.022573870504055977,18.08963362330925,-0.7896336233092498,-0.04564356204099709
Mountain goat,32000.0,46.414,20.8,46.414,1.4504375,0.019399320321984784,21.793354658501897,-0.9933546585018966,-0.047757435504898874
Bighorn sheep,67030.8,114.674,20.6,114.674,1.7107657972156085,0.02752701754208953,20.82701761825497,-0.22701761825496902,-0.011020272730823738
Blue duiker,4200.0,10.075,15.9,10.075,2.3988095238095237,0.019311147765879062,18.91377339271489,-3.0137733927148904,-0.18954549639716292
Steenbok,9600.0,20.619,9.3,20.619,2.1478125,0.021260044726494193,19.529420353774835,-10.229420353774834,-1.099937672448907
Eland,141404.0,190.209,26.1,190.209,1.3451458233147577,0.026084636629894825,22.241268904547866,3.8587310954521357,0.14784410327402817
Dromedary,407000.0,224.779,28.4,224.779,0.5522825552825553,0.013949541327105458,27.82783364699658,0.5721663530034178,0.02014670257054288
Llama,115000.0,148.94,28.9,148.94,1.2951304347826087,0.02384997725715756,22.46804163233208,6.431958367667917,0.22255911306809403
Western roe deer,21500.0,46.347,17.5,46.347,2.1556744186046513,0.026103141821673843,19.508912074910842,-2.0089120749108424,-0.11479497570919099
Red deer,67000.0,112.43,31.5,112.43,1.6780597014925374,0.026997659065397406,20.938952518951922,10.561047481048078,0.33527134860470087
White-tailed deer,61862.5,123.447,23.0,123.447,1.9955061628611843,0.031470956312932875,19.944507698061457,3.0554923019385427,0.1328474913886323
"Caribou, or Reindeer",85000.0,119.66,21.8,119.66,1.4077647058823528,0.024037251319522134,21.970338474367917,-0.1703384743679166,-0.007813691484766816
Wild boar,135000.0,104.15,27.0,104.15,0.7714814814814815,0.014787983179388729,25.66933125267602,1.3306687473239798,0.049284027678665916
Collared peccary,20500.0,33.165,31.5,33.165,1.6178048780487804,0.019358183657725892,21.151781508869067,10.348218491130933,0.32851487273431534
Lesser mouse-deer,1615.5,4.883,14.0,4.883,3.0225936242649336,0.01916269126024416,17.65825702517438,-3.658257025174379,-0.2613040732267414
Red panda,5740.0,4.898,19.0,4.898,0.8533101045296166,0.007427366619432213,25.0321514365959,-6.0321514365959,-0.3174816545576789
Coyote,10148.9,19.423,21.8,19.423,1.9138034663855195,0.019208881624283355,20.18232554394674,1.6176744560532619,0.07420525027767257
Black-backed jackal,7720.0,21.533,16.7,21.533,2.789248704663213,0.026145175726427237,18.08968918825357,-1.3896891882535698,-0.08321492145230958
Crab-eating fox,5444.0,8.502,12.7,8.502,1.5617193240264513,0.013414747830052566,21.358089334802305,-8.658089334802305,-0.681739317700969
African wild dog,8750.0,33.01,17.0,33.01,3.7725714285714282,0.03648711156173472,16.496085405661205,0.503914594338795,0.029642034961105592
Arctic fox,3600.0,7.665,16.3,7.665,2.1291666666666664,0.016492454082599917,19.57840358191867,-3.2784035819186705,-0.2011290541054399
Kit fox,1769.0,4.928,15.8,4.928,2.785754663651781,0.018066533241502224,18.096462422398087,-2.2964624223980863,-0.14534572293658773
Swift fox,1769.0,4.948,15.9,4.948,2.7970604861503676,0.018139855210826502,18.07458127508223,-2.1745812750822306,-0.13676611792970003
Red fox,4580.3,13.731,21.3,13.731,2.9978385695260132,0.02466219480624196,17.70217154895141,3.597828451048592,0.16891213385204656
Fennec,1159.2,2.693,16.3,2.693,2.3231538992408556,0.013555563447056107,19.09127799163745,-2.7912779916374504,-0.17124404856671474
Malagasy civet,2260.0,5.02262,21.4,5.02262,2.222398230088496,0.015323183142995642,19.338224621271372,2.061775378728626,0.09634464386582366
Cheetah,38446.1,61.77,20.5,61.77,1.6066649152970003,0.022497713552768275,21.19211016481746,-0.6921101648174606,-0.03376147145451027
Ocelot,10500.0,17.368,28.2,17.368,1.654095238095238,0.016743946826251004,21.022547771817948,7.177452228182052,0.25451958255964724
Margay,3600.0,5.227,24.0,5.227,1.4519444444444445,0.011246713305903428,21.787212117283985,2.2127878827160146,0.09219949511316727
Serval,1012.0,1.44,22.4,1.44,1.4229249011857708,0.008025592557127283,21.906779396011117,0.4932206039888811,0.022018776963789337
Bobcat,9400.0,23.446,32.3,23.446,2.494255319148936,0.024559689420115213,18.698776803536656,13.60122319646334,0.4210905014384936
Lion,98000.0,94.58,28.0,94.58,0.9651020408163266,0.017075748627123515,24.263130509448498,3.736869490551502,0.13345962466255365
Jaguar,50400.0,62.419,28.0,62.419,1.2384722222222222,0.018556407638159633,22.737099830238183,5.262900169761817,0.18796072034863634
Tiger,137900.0,133.859,26.3,133.859,0.970696156635243,0.01870571773395392,24.22727817855436,2.07272182144564,0.0788107156443209
Cougar,37200.0,49.326,27.0,49.326,1.3259677419354838,0.018414871542697407,22.327087910009055,4.672912089990945,0.17307081814781278
Jaguarundi,8400.0,9.69,18.6,9.69,1.1535714285714285,0.011043692673979484,23.16718836710764,-4.56718836710764,-0.24554776167245376
Slender mongoose,519.6,2.202,12.6,2.202,4.237875288683602,0.020233241156302803,15.902966484160316,-3.302966484160317,-0.2621401971555807
Javan mongoose,611.0,2.248,16.6,2.248,3.6792144026186584,0.018292177174226428,16.625389303264928,-0.02538930326492661,-0.0015294761002967836
Meerkat,850.0,1.729,20.6,1.729,2.0341176470588236,0.010983248226993977,19.835944004657442,0.7640559953425594,0.037090096861289286
Striped hyena,34300.0,31.954,25.0,31.954,0.9316034985422742,0.012678113657004777,24.48275985804499,0.5172401419550106,0.020689605678200423
Aardwolf,7902.6,11.563,20.0,11.563,1.4631893300938932,0.013795677251591925,21.741601509021294,-1.7416015090212937,-0.08708007545106469
Eastern spotted skunk,624.0,1.674,10.5,1.674,2.6826923076923075,0.013408092931607458,18.30077056542998,-7.800770565429978,-0.7429305300409503
Tayra,2950.0,6.811,22.3,6.811,2.308813559322034,0.017015486402643363,19.125669576553626,3.1743304234463743,0.14234665575992708
Sea otter,26832.8,98.479,27.0,98.479,3.6700977907635433,0.0469725497111035,16.638220772426727,10.361779227573273,0.3837696010212323
Wolverine,12700.0,31.765,19.5,31.765,2.501181102362205,0.026551928441074353,18.683544657545987,0.8164553424540131,0.04186950474123144
European otter,10000.0,25.104,18.2,25.104,2.5103999999999997,0.025103999999999998,18.663344111524307,-0.4633441115243073,-0.02545846766617073
American marten,966.5,3.579,17.8,3.579,3.703052250387998,0.0206471591141789,16.592012230016586,1.207987769983415,0.06786448145974242
European pine marten,920.0,4.0,18.2,4.0,4.3478260869565215,0.023945235949808238,15.773910829407104,2.4260891705928955,0.13330160277982944
"European badger, or Old World badger",11050.0,16.647,18.6,16.647,1.506515837104072,0.015445937422781811,21.56948188768413,-2.969481887684129,-0.1596495638539854
Ermine,125.5,1.276,12.5,1.276,10.167330677290837,0.034030464732610614,11.823276568714203,0.6767234312857973,0.05413787450286378
Long-tailed weasel,225.0,1.344,8.8,1.344,5.973333333333334,0.02313462052134564,14.221229016253774,-5.421229016253774,-0.6160487518470197
American mink,660.0,2.722,11.4,2.722,4.124242424242424,0.020904037182557882,16.04053163919166,-4.640531639191659,-0.4070641788764613
American badger,9000.0,15.062,25.0,15.062,1.6735555555555555,0.0163004938096198,20.95456089945575,4.04543910054425,0.16181756402177
African palm civet,4270.0,5.565,21.0,5.565,1.3032786885245904,0.010535235847435598,22.43043403145096,-1.430434031450961,-0.06811590625956956
Harbor seal,27400.0,73.29,47.6,73.29,2.6748175182481755,0.034413734163435274,18.316751734809408,29.283248265190593,0.6151942912855166
Cacomistle,1280.0,3.537,24.0,3.537,2.76328125,0.016528276997435802,18.14026265174891,5.859737348251091,0.24415572284379547
White-nosed coati,3670.0,6.733,26.4,6.733,1.8346049046321524,0.01427937063497006,20.42413340671253,5.975866593287467,0.22635858307907072
South american coati,3924.3,5.591,23.7,5.591,1.4247126876130776,0.011276331688452799,21.899334326024036,1.8006656739759634,0.07597745459814192
Kinkajou,2318.0,4.294,38.4,4.294,1.8524590163934425,0.012853664689336249,20.368600080043418,18.03139991995658,0.4695677062488693
Crab-eating raccoon,1160.0,2.588,19.0,2.588,2.231034482758621,0.013020293679373155,19.31656060770047,-0.31656060770047034,-0.01666108461581423
Common raccoon,4842.2,10.428,21.0,10.428,2.153566560654248,0.017964659082684853,19.51440216101721,1.485597838982791,0.07074275423727576
Sloth bear,66957.0,47.064,33.3,47.064,0.7028988753976433,0.011306855583643803,26.263585625307638,7.0364143746923595,0.21130373497574656
Binturong,14280.0,12.747,27.0,12.747,0.8926470588235295,0.009758022838324148,24.749453064742273,2.250546935257727,0.08335359019473064
Small-toothed palm civet,2010.0,3.085,16.1,3.085,1.5348258706467663,0.01027680522090611,21.460002321010474,-5.360002321010473,-0.33291939882052624
Large-spotted genet,1699.0,4.189,21.3,4.189,2.465567981165391,0.015829431805014126,18.762390925220114,2.537609074779887,0.11913657628074587
Asian palm civet,3282.6,5.534,24.5,5.534,1.685858770486809,0.012760734738212222,20.912037859440506,3.587962140559494,0.14644743430855078
Harbor porpoise,28500.0,107.675,20.4,107.675,3.7780701754385966,0.0490886665942839,16.488585969128142,3.911414030871857,0.1917359819054832
Greater sac-winged bat,7.8,0.081,6.0,0.081,10.384615384615385,0.01735457836690719,11.733258213784922,-5.7332582137849215,-0.9555430356308202
Australian false vampire bat,126.0,0.639,22.6,0.639,5.071428571428571,0.01699115686266072,15.010285119964433,7.589714880035569,0.33582809203697206
Schreibers's long-fingered bat,10.9,0.145,22.0,0.145,13.302752293577981,0.024171195375733902,10.709575336334384,11.290424663665616,0.5132011210757098
Brazilian free-tailed bat,13.3,0.117,12.0,0.117,8.796992481203008,0.01679952997563361,12.450551698236621,-0.45055169823662133,-0.03754597485305178
Greater bulldog bat,61.0,0.4,11.8,0.4,6.557377049180328,0.018325786181450764,13.782190251158514,-1.9821902511585137,-0.1679822246744503
Jamaican fruit-eating bat,46.1,0.359,19.2,0.359,7.787418655097613,0.020291715026873016,12.993544626938155,6.206455373061845,0.3232528840136378
Seba's short-tailed bat,14.9,0.24,17.0,0.24,16.10738255033557,0.031646197956844216,9.95742532855767,7.042574671442329,0.41426909832013703
Vampire bat,29.4,0.194,29.2,0.194,6.598639455782314,0.015365306653464769,13.752947391795136,15.447052608204864,0.52900865096592
Pallas's long-tongued bat,9.6,0.164,11.0,0.164,17.083333333333336,0.030070484340440944,9.732923414151266,1.2670765858487343,0.11518878053170312
California leaf-nosed bat,11.7,0.082,17.0,0.082,7.008547008547009,0.012962072793577275,13.473792628545032,3.5262073714549675,0.2074239630267628
Pale spear-nosed bat,33.5,0.267,9.0,0.267,7.970149253731344,0.019174659302080527,12.889191123393243,-3.8891911233932426,-0.43213234704369363
Greater spear-nosed bat,84.2,0.559,18.0,0.559,6.63895486935867,0.020110725550402615,13.724585526976288,4.275414473023712,0.23752302627909513
White-lined broad-nosed bat,21.9,0.25,13.0,0.25,11.415525114155251,0.02469488013700421,11.335358401191762,1.6646415988082381,0.12804935375447984
Little yellow-shouldered bat,21.4,0.237,12.0,0.237,11.074766355140188,0.02381979480795106,11.461864871037976,0.5381351289620238,0.044844594080168644
Lesser short-nosed fruit bat,37.2,0.262,10.1,0.262,7.043010752688172,0.01739378455288754,13.451214995053132,-3.351214995053132,-0.3318034648567458
Moluccan naked-backed fruit bat,312.4,1.411,12.3,1.411,4.516645326504483,0.01898863492546518,15.5830292335295,-3.283029233529499,-0.26691294581540637
Indian flying fox,562.2,1.622,44.0,1.622,2.8850942725008895,0.01404858938114773,17.907615182778454,26.092384817221546,0.5930087458459442
Variable flying fox,520.8,1.618,20.3,1.618,3.106758832565285,0.01484141419633267,17.512004221748672,2.7879957782513287,0.13733969350991768
Gray-headed flying fox,598.0,1.768,23.6,1.768,2.956521739130435,0.014620302979437179,17.776407595451698,5.823592404548304,0.2467623900232332
Little golden-mantled flying fox,194.2,0.705,17.2,0.705,3.630278063851699,0.013551962705078116,16.694704746305252,0.5052952536947473,0.029377631028764378
Rodriguez flying fox,254.5,0.753,28.0,0.753,2.9587426326129664,0.011817595924475077,17.772386800581145,10.227613199418855,0.3652718999792448
Little red flying fox,362.0,1.353,15.8,1.353,3.7375690607734806,0.016302956460352434,16.544123889424046,-0.7441238894240456,-0.047096448697724405
Large flying fox,1024.3,4.486,20.9,4.486,4.379576296007029,0.02477643912943881,15.737354372070833,5.162645627929166,0.24701653722149122
Egyptian rousette,146.0,0.684,22.9,0.684,4.684931506849316,0.0162851386284944,15.400911696304867,7.499088303695132,0.32747110496485293
Pallid bat,22.0,0.104,14.8,0.104,4.7272727272727275,0.010238028370430516,15.356299457335389,-0.5562994573353883,-0.03758780117131002
Big brown bat,13.3,0.113,19.0,0.113,8.496240601503759,0.016225187070483742,12.604125871584003,6.395874128415997,0.33662495412715776
Little brown bat,5.8,0.051,34.0,0.051,8.793103448275863,0.01364580563003663,12.452496946145848,21.54750305385415,0.6337500898192397
Black myotis,3.7,0.027,7.0,0.027,7.2972972972972965,0.010120744731963751,13.288611426546177,-6.288611426546177,-0.8983730609351682
Cave myotis,11.9,0.04,11.3,0.04,3.361344537815126,0.006243092509123626,17.096094051478648,-5.796094051478647,-0.5129286771220042
Fish-eating bat,25.0,0.199,10.0,0.199,7.96,0.01779910110089833,12.894911437279292,-2.8949114372792923,-0.2894911437279292
Yuma myotis,5.0,0.047,14.0,0.047,9.4,0.014056278543479473,12.160904322501139,1.839095677498861,0.13136397696420435
Brown big-eared bat,10.2,0.082,30.0,0.082,8.039215686274511,0.014366921657221237,12.850495080852765,17.149504919147233,0.5716501639715744
Screaming hairy armadillo,1110.0,1.707,16.2,1.707,1.5378378378378377,0.008876490385867528,21.44848869623176,-5.24848869623176,-0.3239807837180099
Large hairy armadillo,4540.0,4.508,25.2,4.508,0.9929515418502203,0.00815064574706817,24.086881774950506,1.1131182250494938,0.04417135813688467
Nine-banded armadillo,3413.7,4.655,22.3,4.655,1.363623048305358,0.010423190403169039,22.159875057428515,0.1401249425714859,0.006283629711725825
Six-banded armadillo,8190.0,6.901,22.1,6.901,0.8426129426129426,0.008015841129606696,25.111523906694043,-3.011523906694041,-0.13626805007665344
Giant armadillo,45190.0,16.892,15.0,16.892,0.3737995131666298,0.005450035319246491,30.43101124628702,-15.43101124628702,-1.0287340830858014
Southern three-banded armadillo,1160.0,1.172,36.8,1.172,1.0103448275862068,0.0058963617435182905,23.979568727195915,12.820431272804083,0.34838128458706746
Pichi,1740.0,2.192,12.5,2.192,1.2597701149425289,0.008136331102601292,22.634373507064414,-10.134373507064414,-0.8107498805651531
Kultarr,25.8,0.141,3.5,0.141,5.4651162790697665,0.01231698274972277,14.646937516070091,-11.146937516070091,-3.18483929030574
Yellow-footed antechinus,46.5,0.252,3.9,0.252,5.419354838709678,0.01415177210098417,14.68755714549258,-10.78755714549258,-2.766040293716046
Brown antechinus,25.0,0.189,5.4,0.189,7.56,0.016904673909898412,13.127602093011262,-7.727602093011262,-1.431037424631715
Dusky antechinus,66.9,0.351,3.3,0.351,5.246636771300448,0.015005052806032504,14.84460541416565,-11.544605414165652,-3.4983652770198947
Mulgara,91.0,0.26,7.4,0.26,2.857142857142857,0.00882454462682189,17.959984311468364,-10.559984311468364,-1.4270249069551844
Kowari,100.0,0.439,8.0,0.439,4.39,0.013882398928139184,15.725420478855117,-7.725420478855117,-0.9656775598568896
Western quoll,1326.7,2.991,6.2,2.991,2.254465968191754,0.013606200492893258,19.258262270340815,-13.058262270340816,-2.106171333925938
Northern quoll,571.0,1.501,5.9,1.501,2.628721541155867,0.012850014302703357,18.41139818883892,-12.51139818883892,-2.120575964209986
"Tiger quoll, or Australian tiger cat",1782.0,3.142,6.8,3.142,1.7631874298540964,0.011455799551243831,20.652566388073577,-13.852566388073576,-2.037142115893173
Eastern quoll,945.3,2.26,6.8,2.26,2.390775415212102,0.01325657080330195,18.932316718965357,-12.132316718965356,-1.7841642233772583
Brush-tailed phascogale,153.7,0.694,5.9,0.694,4.5152895250487965,0.015898423805748657,15.584528682953357,-9.684528682953356,-1.6414455394836196
Pygmy planigale,10.6,0.067,5.8,0.067,6.320754716981132,0.011405002997418,13.954231263579672,-8.154231263579671,-1.405901941996495
Narrow-nosed planigale,7.1,0.063,5.2,0.063,8.87323943661972,0.014484275871447879,12.412622266729144,-7.212622266729144,-1.3870427436017585
Fat-tailed marsupial mouse,43.1,0.152,7.0,0.152,3.5266821345707657,0.009036195852075365,16.84509903638209,-9.845099036382091,-1.406442719483156
Tasmanian devil,6126.8,8.664,13.0,8.664,1.41411503558138,0.01251103289149682,21.94362152324867,-8.94362152324867,-0.6879708864037438
Fat-tailed dunnart,16.0,0.121,5.0,0.121,7.5625,0.015125,13.12610221472629,-8.12610221472629,-1.625220442945258
Stripe-faced dunnart,20.6,0.128,4.9,0.128,6.213592233009709,0.01323760915880034,14.034687818737542,-9.134687818737541,-1.8642220038239878
Numbat,438.2,0.907,11.0,0.907,2.0698311273391146,0.009470066030242004,19.73759789132112,-8.73759789132112,-0.7943270810291927
Central American woolly opossum,342.7,1.194,8.7,1.194,3.4840968777356287,0.014990590770203609,16.908419011249492,-8.208419011249493,-0.9434964380746544
Water opossum (yapok),940.5,2.793,3.1,2.793,2.9696969696969697,0.016445680010670535,17.75260550187759,-14.65260550187759,-4.726646936089545
Southern opossum,1244.3,3.31,4.2,3.31,2.6601301936831954,0.015799166208632604,18.346703474947443,-14.146703474947444,-3.3682627321303436
Virginia opossum,2846.6,5.299,6.6,5.299,1.8615190051289259,0.013597187481376246,20.34065181357742,-13.74065181357742,-2.0819169414511243
Lutrine opossum,812.0,2.265,2.9,2.265,2.789408866995074,0.014890222400189274,18.089378946348788,-15.189378946348787,-5.237716878051306
Robinson's mouse opossum,122.0,0.547,5.0,0.547,4.483606557377049,0.014901069946631111,15.619719761057192,-10.619719761057192,-2.1239439522114383
Brown four-eyed opossum,336.0,1.144,3.0,1.144,3.404761904761904,0.01457711454470068,17.028816656301224,-14.028816656301224,-4.676272218767075
"Northern red-sided opossum, or Short bare-tailed opossum",91.5,0.366,3.9,0.366,4.0,0.01237129790109639,16.196109269931135,-12.296109269931135,-3.152848530751573
Gray short-tailed opossum,104.0,0.335,5.1,0.335,3.2211538461538467,0.010286551448437866,17.320411227999756,-12.220411227999756,-2.396159064313678
Gray four-eyed opossum,751.0,1.886,4.4,1.886,2.511318242343542,0.013146548127704029,18.66133671335191,-14.26133671335191,-3.2412128893981613
Pygmy gliding possum,14.0,0.084,8.8,0.084,6.0,0.011606018521606016,14.200088423688356,-5.400088423688356,-0.6136464117827677
Mountain pygmy possum,44.3,0.205,12.0,0.205,4.6275395033860045,0.01193853580860805,15.462144706798457,-3.4621447067984565,-0.28851205889987136
Eastern pygmy possum,64.8,0.311,10.3,0.311,4.799382716049383,0.013616927796295725,15.281393322177745,-4.981393322177745,-0.48363041962890724
Matschie's tree kangaroo,6960.0,7.96,26.9,7.96,1.1436781609195403,0.010446147120703011,23.21959544078522,3.6804045592147787,0.13681801335370924
Spectacled hare-wallaby,2660.0,4.749,8.8,4.749,1.7853383458646614,0.012821562157360961,20.58060939386503,-11.780609393865028,-1.3387056129392076
Tammar wallaby,4796.0,7.78,15.1,7.78,1.622185154295246,0.01349957873390917,21.136009961516187,-6.0360099615161875,-0.3997357590408071
Wallaroo,29647.9,33.056,22.0,33.056,1.114952492419362,0.014630354418666652,23.374676851510092,-1.3746768515100918,-0.0624853114322769
Red kangaroo,28500.0,31.353,25.0,31.353,1.1001052631578947,0.014293726154916028,23.456589144879874,1.5434108551201255,0.06173643420480502
Quokka,2702.3,4.695,13.8,4.695,1.7374088739222144,0.01252666391589681,20.737608532067476,-6.937608532067475,-0.5027252559469185
Leadbeater's possum,166.0,0.574,14.1,0.574,3.4578313253012043,0.012411687326618681,16.947923465363164,-2.8479234653631647,-0.20198038761440884
Sugar glider,129.3,0.517,17.8,0.517,3.998453209590101,0.013483158797279515,16.198081640195465,1.601918359804536,0.08999541347216493
"Common spotted cuscus, or Spotted cuscus",4250.0,6.27,17.0,6.27,1.4752941176470586,0.011911757495666458,21.69294190466575,-4.6929419046657515,-0.2760554061568089
Brush-tailed possum,1993.5,3.8,15.9,3.8,1.9061951341861048,0.012737125166996793,20.205057292372196,-4.3050572923721955,-0.27075832027498087
Koala,4732.4,5.744,22.1,5.744,1.2137604598089766,0.010067075993010897,22.85879883754256,-0.7587988375425603,-0.03433478902907512
Rufous 'rat'-kangaroo,2820.0,5.978,12.8,5.978,2.1198581560283687,0.015447886840239027,19.603040848696807,-6.803040848696806,-0.5314875663044379
Woylie,1018.0,3.132,18.8,3.132,3.076620825147348,0.017378445245023234,17.563842200905704,1.236157799094297,0.06575307441990941
Long-nosed potoroo,1045.5,2.556,14.5,2.556,2.444763271162123,0.013901697101903018,18.809058849106496,-4.309058849106496,-0.2971764723521721
"Common ringtail, or Ring-tailed possum",859.3,2.27,10.1,2.27,2.6416850925171653,0.0143026742781044,18.384589024741313,-8.284589024741313,-0.8202563390832984
Southern hairy-nosed wombat,27348.2,16.001,29.9,16.001,0.5850842102953759,0.007524030801160421,27.450390850680034,2.449609149319965,0.08192672740200552
Four-toed hedgehog,450.0,0.828,11.4,0.828,1.8399999999999999,0.00847463400693831,20.407288093077945,-9.007288093077944,-0.7901129906208723
Eastern European hedgehog,822.7,1.937,7.0,1.937,2.3544426887079126,0.012609518342494488,19.01707616008125,-12.017076160081249,-1.7167251657258926
Western European hedgehog,1213.5,2.434,11.7,2.434,2.0057684384013186,0.011838338079213405,19.915421458250233,-8.215421458250233,-0.7021727742094217
Long-eared hedgehog,398.5,0.845,7.6,0.845,2.1204516938519444,0.009474045467568007,19.601466223972096,-12.001466223972097,-1.5791402926279074
Desert hedgehog,451.5,0.63,6.3,0.63,1.3953488372093024,0.006432017738619429,22.02296773579095,-15.722967735790949,-2.4957091644112617
Rock hyrax,2458.0,4.954,14.8,4.954,2.015459723352319,0.014191215443755319,19.888108682481494,-5.088108682481494,-0.3437911271946955
Black-tailed jackrabbit,2300.0,7.314,11.8,7.314,3.18,0.022022117676633087,17.38841664860938,-5.588416648609378,-0.4735946312380829
Mountain hare,3014.5,8.443,18.0,8.443,2.800796151932327,0.020753212027902947,18.06737371063544,-0.06737371063544018,-0.003742983924191121
European rabbit,2167.9,7.395,13.0,7.395,3.411135199963098,0.02327602121200161,17.019024796659163,-4.0190247966591635,-0.3091557535891664
Audubon's cottontail rabbit,686.9,2.506,7.8,2.506,3.6482748580579414,0.01867716387663289,16.669087540850366,-8.869087540850366,-1.1370625052372265
American pika,109.0,0.932,7.0,0.932,8.550458715596331,0.027627783170422294,12.575960314572285,-5.575960314572285,-0.7965657592246121
"Bushveld elephant shrew, or Long-eared elephant shrew",46.5,0.29,9.3,0.29,6.236559139784946,0.016285769481291307,14.017306170588958,-4.717306170588957,-0.5072372226439739
North African elephant shrew,49.0,0.288,7.2,0.288,5.877551020408163,0.01555053831809392,14.298097122945387,-7.098097122945387,-0.9858468226313037
Rufous elephant shrew,53.0,0.317,7.9,0.317,5.981132075471699,0.016138098430591757,14.215034810625246,-6.315034810625246,-0.7993714950158539
Short-eared elephant shrew,39.0,0.292,8.7,0.292,7.487179487179486,0.018710457041956407,13.171553684210284,-4.471553684210285,-0.5139716878402627
Duck-billed platypus,1030.3,1.931,22.6,1.931,1.8742113947393964,0.010618410208379555,20.30175695392588,2.29824304607412,0.10169217018027078
Short-beaked echidna,2909.0,2.327,49.5,2.327,0.7999312478514954,0.005874739211017256,25.439682157782915,24.060317842217085,0.48606702711549665
"Western long-beaked echidna, or Long-nosed echidna",11848.6,6.493,41.2,6.493,0.5479972317404588,0.005717354540078592,27.878942705991406,13.321057294008597,0.3233266333497232
Long-nosed echymipera,886.6,2.255,3.1,2.255,2.5434243176178657,0.0138787627242829,18.591673673938537,-15.491673673938537,-4.99731408836727
Golden bandicoot,428.0,0.837,6.7,0.837,1.955607476635514,0.008894931977396098,20.059231619989923,-13.359231619989924,-1.9939151671626751
Northern brown bandicoot,1551.0,3.202,6.8,3.202,2.064474532559639,0.012955747617831408,19.752224845244328,-12.952224845244327,-1.9047389478300483
Southern brown bandicoot,717.0,1.238,6.5,1.238,1.7266387726638772,0.008934726809255526,20.77356277106586,-14.273562771065858,-2.1959327340101322
Eastern barred bandicoot,695.0,1.902,6.1,1.902,2.7366906474820145,0.014051474809684395,18.19262030166029,-12.092620301660292,-1.9823967707639822
Long-nosed bandicoot,645.0,1.763,5.6,1.763,2.733333333333333,0.013774711964483868,18.199272586845012,-12.599272586845013,-2.2498701047937524
"Rabbit-bandicoot, or Bilby",1245.5,2.4,9.6,2.4,1.9269369731031714,0.011447309970332704,20.143326610476304,-10.543326610476305,-1.0982631885912817
African wild ass,177500.0,164.92,47.0,164.92,0.9291267605633802,0.01907104794980356,24.49934471078809,22.50065528921191,0.4787373465789768
Hoffmann's two-toed sloth,4005.2,3.891,41.0,3.891,0.971487066813143,0.007728461987459134,24.222227790124286,16.777772209875714,0.40921395633843205
Giant anteater,30600.0,14.543,31.0,14.543,0.4752614379084967,0.006285834383977882,28.819472199774708,2.180527800225292,0.07033960645888039
Northern tamandua,3884.2,5.124,16.0,5.124,1.3191905669121053,0.010414368320871465,22.357748210070902,-6.357748210070902,-0.3973592631294314
Southern tamandua,3500.0,5.015,19.0,5.015,1.4328571428571428,0.011020972128791414,21.865549938173952,-2.8655499381739524,-0.15081841779862906
Northern night monkey,914.5,2.499,30.1,2.499,2.732640787315473,0.01502721408996444,18.20064598944075,11.89935401055925,0.395327375766088
Mantled howler monkey,4670.0,11.464,24.0,11.464,2.4548179871520346,0.02029310567639671,18.78644805375549,5.213551946244511,0.2172313310935213
White-tufted-ear marmoset,190.0,0.848,22.8,0.848,4.463157894736842,0.016570310694274705,15.642587985700299,7.157412014299702,0.3139215795745483
Pygmy marmoset,110.7,0.599,18.6,0.599,5.411020776874435,0.01755157550644373,14.694998459448495,3.905001540551506,0.20994631938448957
Geoffroy's tamarin,225.0,1.305,20.5,1.305,5.8,0.022463303408003017,14.361431464818898,6.138568535181102,0.29944236756980985
South American squirrel monkey,836.7,4.429,30.2,4.429,5.293414604995817,0.02846940256779081,14.801474602217024,15.398525397782976,0.5098849469464561
Blue monkey,8648.7,19.276,37.8,19.276,2.2287742666527914,0.02149333426871068,19.322221082626683,18.477778917373314,0.48883013008924114
Guereza,10623.6,17.037,35.0,17.037,1.6036936631650287,0.016281309822113826,21.20291999220352,13.797080007796481,0.3942022859370423
Patas monkey,3000.0,5.958,30.0,5.958,1.986,0.014698044497216787,19.971603198138247,10.028396801861753,0.33427989339539177
Hamadryas baboon,12670.8,21.095,37.5,21.095,1.6648514695204721,0.017663489429695794,20.98485853926945,16.51514146073055,0.440403772286148
Fat-tailed dwarf lemur,300.0,1.088,29.0,1.088,3.626666666666667,0.01509343032637715,16.699863135212667,12.300136864787333,0.42414265050990807
South African galago,170.0,0.285,16.6,0.285,1.676470588235294,0.006053522611773376,20.944453915437357,-4.344453915437356,-0.26171409129140694
Senegal galago,171.5,0.764,17.1,0.764,4.4548104956268215,0.016121122025439933,15.651958452737492,1.448041547262509,0.08468079223757362
Demidoff's galago,62.4,0.372,13.4,0.372,5.961538461538462,0.016755388327634426,14.230615446258026,-0.830615446258026,-0.06198622733268851
"Brown greater galago, or Greater galago",993.5,2.595,22.7,2.595,2.611977856064419,0.014664304113524576,18.446250677025095,4.253749322974905,0.18738983801651563
Small-eared galago,1314.0,3.927,20.0,3.927,2.9885844748858448,0.017993447346163254,17.71869568997188,2.281304310028119,0.11406521550140596
Human,70000.0,82.78,122.5,82.78,1.1825714285714286,0.019235429682477528,23.016412816920933,99.48358718307907,0.8121109157802373
Verreaux's sifaka,3350.0,3.738,31.0,3.738,1.115820895522388,0.008488983545323268,23.369923559182233,7.630076440817767,0.2461314980908957
Brown lemur,2374.1,4.239,35.5,4.239,1.7855187228844616,0.012463475392095025,20.580027601866536,14.919972398133464,0.42028091262347783
Calabar angwantibo,206.0,0.731,13.0,0.731,3.5485436893203883,0.013443642707522246,16.812937511847718,-3.812937511847718,-0.29330288552674755
"Red slender loris, or Slender loris",284.0,0.714,21.6,0.714,2.5140845070422535,0.010320707188454813,18.65529438462753,2.94470561537247,0.1363289636746514
Slow loris,1128.6,1.504,25.8,1.504,1.3326244905192275,0.00772400954526514,22.297143064437005,3.5028569355629955,0.1357696486652324
Potto,968.6,1.942,32.4,1.942,2.0049556060293208,0.011185125903904232,19.91771907529531,12.482280924704689,0.3852555840958238
Philippine tarsier,113.0,0.43,16.0,0.43,3.805309734513274,0.0124067954746806,16.451622201947753,-0.45162220194775315,-0.028226387621734572
Asiatic elephant,3672000.0,2336.5,79.6,2336.5,0.63630174291939,0.027854077586027596,26.904966014356667,52.69503398564333,0.6619979143925041
Damaraland mole-rat,131.3,0.418,15.5,0.418,3.1835491241431835,0.010776500098125011,17.38251176783206,-1.8825117678320602,-0.12145237211819743
African mole rat,78.9,0.35,11.0,0.35,4.435994930291507,0.013220877826184392,15.673155861293472,-4.673155861293472,-0.4248323510266792
Cape mole-rat,193.0,0.637,11.2,0.637,3.300518134715026,0.01230187898714148,17.192063217913176,-5.992063217913177,-0.5350056444565338
Naked mole-rat,35.3,0.128,31.0,0.128,3.6260623229461757,0.008838507618537309,16.70072694194976,14.29927305805024,0.4612668728403303
Desmarest's hutia,2630.0,3.375,13.8,3.375,1.2832699619771863,0.009189819170702114,22.523259220561105,-8.723259220561104,-0.632120233373993
Brown's hutia,2456.0,4.11,13.5,4.11,1.6734527687296419,0.011780685172014537,20.95491764465531,-7.4549176446553105,-0.5522161218263193
Guinea pig,639.1,2.13,12.0,2.13,3.332811766546706,0.016757259313107786,17.140858668952653,-5.140858668952653,-0.42840488907938773
Common yellow-toothed cavy,322.0,1.473,3.5,1.473,4.574534161490684,0.019378084397991605,15.519495664219646,-12.019495664219646,-3.43414161834847
Capybara,26385.0,36.754,15.1,36.754,1.3929884404017432,0.017753614568916873,22.033032680339755,-6.933032680339755,-0.45914123710859306
Rock cavy,801.0,2.011,12.9,2.011,2.5106117353308366,0.013356346691400083,18.66288115556753,-5.762881155567529,-0.44673497329980844
Long-tailed chinchilla,436.7,1.31,17.2,1.31,2.999771009846577,0.013713045017231567,17.69872841664457,-0.4987284166445711,-0.02899583817700995
Plains viscacha,6794.0,10.623,10.8,10.623,1.5635855166323227,0.014195576177015147,21.351090950970782,-10.551090950970782,-0.9769528658306279
European water vole,94.7,0.613,2.5,0.613,6.473072861668426,0.020192867253582786,13.84262484325672,-11.34262484325672,-4.5370499373026885
Northern pygmy mouse,7.2,0.095,3.3,0.095,13.194444444444445,0.02161345682978011,10.742468102213248,-7.442468102213248,-2.255293364307045
Black-bellied hamster,365.3,1.251,3.6,1.251,3.4245825349028194,0.014971663434327947,16.998433993721914,-13.398433993721914,-3.7217872204783093
Collared lemming,56.8,0.459,3.3,0.459,8.080985915492958,0.022184591376791647,12.82728582032204,-9.527285820322039,-2.887056309188497
Brandt's vole,40.2,0.428,4.1,0.428,10.646766169154228,0.026808605825504647,11.627653005103566,-7.527653005103566,-1.8360129280740407
Norway lemming,80.0,1.071,3.3,1.071,13.3875,0.04003796361719818,10.684066411213907,-7.384066411213907,-2.2375958821860324
Golden hamster,108.2,0.69,3.9,0.69,6.3770794824399255,0.020567364516586858,13.912591405854121,-10.01259140585412,-2.5673311297061847
Field vole,25.0,0.367,4.8,0.367,14.68,0.032825477909696914,10.318037366857217,-5.518037366857217,-1.1495911180952536
Common vole,21.9,0.343,4.8,0.343,15.662100456621006,0.03388137554796978,10.065535660955778,-5.265535660955778,-1.0969865960324539
Guenther's vole,43.8,0.447,3.9,0.447,10.205479452054796,0.02625439048377991,11.807303765907388,-7.907303765907388,-2.0275137861300996
Prairie vole,48.2,0.41,5.3,0.41,8.506224066390041,0.022412927073689082,12.598923353958474,-7.298923353958474,-1.3771553498034859
Woodland vole,24.8,0.305,3.8,0.305,12.298387096774194,0.027444863728430618,11.027975689111631,-7.227975689111632,-1.9020988655556925
Bank vole,21.5,0.312,4.9,0.312,14.511627906976745,0.03124825349495814,10.363422850875972,-5.463422850875972,-1.1149842552808105
White-throated woodrat,177.6,0.735,9.5,0.735,4.138513513513513,0.015107935359715354,16.023012827240883,-6.523012827240883,-0.6866329291832509
Desert woodrat,112.5,0.46,10.5,0.46,4.088888888888889,0.013316602609733785,16.084237934020962,-5.584237934020962,-0.5318321841924726
Golden mouse,19.5,0.151,8.4,0.151,7.743589743589744,0.016272376674008934,13.019012153271808,-4.619012153271807,-0.5498823991990247
Southern grasshopper mouse,19.1,0.165,4.6,0.165,8.638743455497382,0.018059632927409253,12.530555313569216,-7.930555313569217,-1.724033763819395
California mouse,47.0,0.267,5.5,0.267,5.680851063829787,0.014874345598974497,14.460721193067807,-8.960721193067807,-1.6292220351032376
Canyon mouse,20.5,0.162,7.7,0.162,7.902439024390244,0.016815106362473443,12.927520596882566,-5.227520596882566,-0.6788987788159176
Cactus mouse,21.0,0.173,7.4,0.173,8.238095238095237,0.017635250463169355,12.741264345484774,-5.341264345484774,-0.721792479119564
White-footed mouse,22.3,0.213,7.9,0.213,9.551569506726457,0.020756348607302934,12.09162339166614,-4.191623391666139,-0.53058523945141
Deer mouse,20.5,0.219,8.3,0.219,10.682926829268292,0.022731532675195582,11.613334473235701,-3.3133344732357006,-0.39919692448622895
Oldfield mouse,12.0,0.12,5.5,0.12,10.0,0.01861209718204199,11.894207436695286,-6.394207436695286,-1.1625831703082339
Pinyon mouse,33.1,0.307,5.4,0.307,9.274924471299093,0.02224679127381731,12.21910145199672,-6.819101451996719,-1.2627965651845776
Dzhungarian hamster,31.3,0.313,3.9,0.313,10.0,0.02365299197201011,11.894207436695286,-7.9942074366952856,-2.049796778639817
Florida mouse,30.8,0.288,7.4,0.288,9.35064935064935,0.022028222291200036,12.183754410844683,-4.783754410844683,-0.6464532987627949
"Bunny, or Coney rat",78.7,0.428,5.5,0.428,5.438373570520965,0.01619804942321021,14.670626283550277,-9.170626283550277,-1.6673865970091413
Hispid cotton rat,159.6,1.085,5.2,1.085,6.798245614035088,0.0241632347366984,13.614501545962133,-8.414501545962132,-1.618173374223487
Lowland paca,9156.0,15.323,16.3,15.323,1.6735474006116207,0.016370594968489045,20.954589202149727,-4.654589202149726,-0.28555761976378685
Azara's agouti,3849.0,10.521,11.8,10.521,2.733437256430242,0.021530101997953625,18.199066529340193,-6.3990665293401925,-0.5422937736728977
"Red-rumped agouti, or Agouti",2687.0,8.694,17.8,8.694,3.2355787123185715,0.023295331020070534,17.29681252987902,0.5031874701209809,0.02826895899556072
Red acouchi,914.0,2.804,14.8,2.804,3.0678336980306344,0.01686818527372422,17.57906691990352,-2.7790669199035207,-0.18777479188537302
Lesser Egyptian jerboa,75.0,0.515,7.3,0.515,6.866666666666667,0.020207439233827958,13.568158006031915,-6.268158006031915,-0.8586517816482075
Greater Egyptian jerboa,139.0,0.775,5.5,0.775,5.575539568345324,0.019144348977228085,14.550556966513735,-9.050556966513735,-1.6455558120934064
Meadow jumping mouse,26.1,0.219,5.6,0.219,8.390804597701148,0.01896547543820072,12.659523802068115,-7.0595238020681155,-1.2606292503693064
"Tome's spiny rat, or Spiny rat",498.0,1.75,5.8,1.75,3.5140562248995986,0.0166003040116409,16.863779382003987,-11.063779382003986,-1.907548169311032
"Common punare, or Brazilian spiny rat",323.0,1.153,7.0,1.153,3.569659442724458,0.01513308305235914,16.782091225647424,-9.782091225647424,-1.3974416036639177
Prehensile-tailed porcupine,3280.0,5.123,26.6,5.123,1.5618902439024391,0.011820040730934508,21.357447978091667,5.242552021908335,0.19708842187625317
North American porcupine,6871.0,13.675,23.4,13.675,1.9902488720710232,0.01812017441312439,19.959474398236456,3.440525601763543,0.14703100862237364
Plains pocket gopher,197.0,0.769,12.0,0.769,3.9035532994923856,0.01462435329437447,16.320826746168628,-4.320826746168628,-0.3600688955140523
Botta's pocket gopher,143.0,0.67,6.1,0.67,4.685314685314686,0.016202154702,15.400505842091356,-9.300505842091356,-1.5246730888674356
Fat dormouse,174.4,0.664,8.7,0.664,3.8073394495412844,0.013835925628868373,16.448880262982172,-7.748880262982173,-0.8906758922968016
Woodland dormouse,38.4,0.225,6.9,0.225,5.859375000000001,0.01458592915519871,14.312851781902033,-7.412851781902033,-1.074326345203193
Hazel dormouse,23.5,0.351,5.3,0.351,14.936170212765957,0.032885634056863705,10.250204248918035,-4.950204248918035,-0.9340008016826481
San Diego pocket mouse,19.6,0.15,8.3,0.15,7.653061224489795,0.016102718673112627,13.072167421573225,-4.772167421573224,-0.5749599303100269
Long-tailed pocket mouse,15.1,0.103,7.1,0.103,6.821192052980132,0.013446353181538523,13.598897422419684,-6.4988974224196845,-0.9153376651295331
Desert kangaroo rat,105.8,0.517,8.6,0.517,4.886578449905483,0.015672067457104064,15.19256664823523,-6.5925666482352305,-0.7665775172366548
Heermann's kangaroo rat,63.3,0.408,8.3,0.408,6.4454976303317535,0.018180565203028454,13.862596379886943,-5.562596379886942,-0.6701923349261376
Merriam's kangaroo rat,37.6,0.246,9.7,0.246,6.542553191489361,0.016201089582173634,13.79274959877626,-4.09274959877626,-0.42193294832744954
Ord's kangaroo rat,47.8,0.339,9.9,0.339,7.092050209205022,0.018647850369494685,13.419315361057077,-3.5193153610570764,-0.3554864001067754
Little pocket mouse,8.5,0.061,8.3,0.061,7.1764705882352935,0.012253654775955625,13.36501412482707,-5.065014124827069,-0.6102426656418155
Great Basin pocket mouse,19.2,0.16,5.8,0.16,8.333333333333334,0.017443918989868426,12.690074559157736,-6.890074559157736,-1.1879438895099546
Cape porcupine,11300.0,13.175,23.1,13.175,1.165929203539823,0.01202103305253171,23.102426555586547,-0.0024265555865454758,-0.00010504569638725002
Spiny mouse,42.0,0.258,5.9,0.258,6.142857142857142,0.01563805506941982,14.088704928697418,-8.188704928697417,-1.3879160896097316
Yellow-necked mouse,28.3,0.365,4.5,0.365,12.897526501766784,0.02974767566689623,10.834369242360092,-6.334369242360092,-1.4076376094133538
Long-tailed field mouse,23.8,0.264,6.3,0.264,11.092436974789916,0.02450028910385102,11.455188542546752,-5.155188542546752,-0.8182838956423416
Brush-tailed rabbit rat,213.2,0.908,4.5,0.908,4.258911819887429,0.016274042590872312,15.877973319207719,-11.377973319207719,-2.5284385153794933
Cape short-eared gerbil,71.9,0.49,6.1,0.49,6.815020862308762,0.019844922730158008,13.603087809920504,-7.503087809920505,-1.2300143950689353
Cape gerbil,106.5,1.016,5.7,1.016,9.539906103286386,0.030646543699196626,12.0969071916687,-6.3969071916687,-1.122264419591
Lesser Egyptian gerbil,29.7,0.237,5.9,0.237,7.979797979797979,0.01862863395252189,12.883761029382837,-6.983761029382837,-1.1836883100648876
Baluchistan gerbil,29.7,0.129,4.5,0.129,4.343434343434343,0.010139636202005588,15.778992018287836,-11.278992018287836,-2.50644267073063
Pale gerbil,56.3,0.261,5.5,0.261,4.6358792184724695,0.012698698475432353,15.45319157467078,-9.95319157467078,-1.8096711953946873
Greater Egyptian gerbil,108.5,0.454,8.2,0.454,4.184331797235023,0.01350465672159689,15.967241811121886,-7.767241811121886,-0.9472246111124253
Golden-bellied water rat,900.0,2.97,7.3,2.97,3.3000000000000003,0.018074844397670483,17.19288949982471,-9.892889499824708,-1.3551903424417409
Mongolian jird,64.8,0.546,6.3,0.546,8.425925925925927,0.023906246227580277,12.640977713792644,-6.340977713792644,-1.0065043990147056
"Namaqua rock rat, or Rock mouse",62.6,0.292,4.7,0.292,4.664536741214057,0.013120551841072308,15.42256989060134,-10.722569890601338,-2.2813978490641147
Old World harvest mouse,7.6,0.201,3.8,0.201,26.447368421052634,0.043912267483836594,8.164549963959963,-4.364549963959964,-1.1485657799894642
"Southern African pygmy mouse, or Pygmy mouse",8.0,0.129,4.3,0.129,16.125,0.027118909391932296,9.95322435108201,-5.65322435108201,-1.3147033374609327
House mouse,18.0,0.271,4.0,0.271,15.055555555555557,0.03101093866660161,10.219080499658826,-6.219080499658826,-1.5547701249147066
Spinifex hopping mouse,32.3,0.252,6.4,0.252,7.80185758513932,0.018599387774723083,12.985192310744441,-6.585192310744441,-1.0289362985538189
Bush rat,76.0,0.471,5.3,0.471,6.197368421052631,0.018298298708950212,14.047012333754463,-8.747012333754462,-1.6503796856140496
Australian swamp rat,109.0,0.353,4.4,0.353,3.238532110091743,0.010464171093518314,17.291995886868847,-12.891995886868846,-2.929999065197465
Norway rat,206.9,1.404,3.8,1.404,6.785886901884968,0.025736337300424406,13.622931843615001,-9.822931843615002,-2.5849820641092114
Rat,117.0,0.77,4.2,0.77,6.581196581196581,0.021644687943156108,13.765282560139415,-9.565282560139416,-2.2774482286046225
Four-striped grass mouse,39.6,0.179,4.5,0.179,4.52020202020202,0.011339179794375197,15.579098216602281,-11.079098216602281,-2.4620218259116182
Bushy-tailed jird,63.6,0.274,7.3,0.274,4.3081761006289305,0.012166277725333081,15.820004876972416,-8.520004876972415,-1.167123955749646
Indian gerbil,86.9,0.422,7.0,0.422,4.8561565017261215,0.014826806461416531,15.22334412806839,-8.22334412806839,-1.174763446866913
Gambian rat,1686.7,6.024,8.4,6.024,3.5714709195470444,0.02288793331668604,16.779454877248735,-8.379454877248735,-0.9975541520534208
White-tailed mouse,93.8,0.707,6.3,0.707,7.537313432835821,0.023456720067637406,13.141240178492907,-6.8412401784929076,-1.0859111394433187
Pouched mouse,68.1,0.274,4.5,0.274,4.023494860499267,0.011558200632739319,16.166259236135616,-11.666259236135616,-2.592502052474581
Degu,199.6,0.958,14.0,0.958,4.799599198396794,0.018040356120842597,15.281170443703234,-1.2811704437032336,-0.09151217455023097
Coruro,126.2,0.561,10.8,0.561,4.445324881141046,0.014899385089553898,15.662631681308875,-4.862631681308875,-0.4502436741952661
"South African springhare, or Springhare",2300.0,4.427,20.0,4.427,1.924782608695652,0.013329493431016498,20.14970307783739,-0.14970307783739045,-0.007485153891869522
White-tailed antelope squirrel,94.1,0.511,11.2,0.511,5.430393198724762,0.016913312864105457,14.677722030431742,-3.4777220304317424,-0.31051089557426276
Golden-mantled ground squirrel,249.6,0.967,10.4,0.967,3.874198717948718,0.015399018414682861,16.3595015715647,-5.959501571564699,-0.5730289972658364
Black-tailed prairie dog,1112.3,2.358,15.0,2.358,2.119931673109773,0.012242703956294789,19.602845784448434,-4.602845784448434,-0.3068563856298956
Thomas's rope squirrel,63.0,0.58,10.0,0.58,9.206349206349206,0.025937169577960783,12.251413758132893,-2.251413758132893,-0.22514137581328927
Southern flying squirrel,67.4,0.414,19.0,0.414,6.142433234421365,0.01759970622927998,14.089030874285537,4.9109691257144625,0.2584720592481296
Red-legged sun squirrel,230.0,0.744,8.7,0.744,3.234782608695652,0.012597288005612649,17.298111752826262,-8.598111752826263,-0.9882887072214096
Thirteen-lined ground squirrel,198.4,0.983,7.9,0.983,4.954637096774194,0.018595046424930994,15.124522511496009,-7.2245225114960085,-0.9144965204425327
Yellow-bellied marmot,4295.0,8.626,21.2,8.626,2.008381839348079,0.01625874717094861,19.908041386282452,1.2919586137175472,0.06094144404328053
Woodchuck,2650.0,3.696,14.0,3.696,1.3947169811320757,0.010006853853015685,22.02566015077814,-8.02566015077814,-0.5732614393412957
Franklin's ground squirrel,607.0,2.19,7.2,2.19,3.6079077429983526,0.017908227238510772,16.726754245794904,-9.526754245794905,-1.323160311915959
Eastern gray squirrel,440.0,2.062,23.6,2.062,4.686363636363636,0.021463431346098287,15.39939501583303,8.200604984166972,0.34748326204097335
European ground squirrel,240.0,1.272,6.7,1.272,5.300000000000001,0.020860690515413564,14.79543881258977,-8.09543881258977,-1.208274449640264
Least chipmunk,49.3,0.349,10.0,0.349,7.0791075050709935,0.01875816006887204,13.427708767142747,-3.4277087671427466,-0.34277087671427464
Eastern chipmunk,89.6,0.813,9.5,0.813,9.073660714285714,0.02791640809043937,12.31477038945625,-2.8147703894562497,-0.29629161994276315
Red squirrel,219.6,1.615,9.8,1.615,7.354280510018215,0.028310547925717012,13.253102892851576,-3.4531028928515752,-0.35235743804607905
Mohave ground squirrel,240.0,0.629,7.8,0.629,2.6208333333333336,0.010315545860216298,18.42778583764351,-10.627785837643508,-1.3625366458517318
Round-tailed ground squirrel,125.1,0.501,8.9,0.501,4.004796163069544,0.013393520402829274,16.189999165195346,-7.289999165195345,-0.8191010297972298
South African ground squirrel,528.5,1.775,11.5,1.775,3.358561967833491,0.016103289983678763,17.10044014083362,-5.600440140833619,-0.48699479485509733
Lesser bamboo rat,344.0,0.96,4.8,0.96,2.7906976744186047,0.012018559036522361,18.08688321328596,-13.286883213285961,-2.7681006694345753
Palestine mole rat,133.8,0.585,20.2,0.585,4.37219730941704,0.014870096298271167,15.745822584200438,4.4541774157995615,0.22050383246532484
Common tree shrew,123.0,0.522,12.4,0.522,4.2439024390243905,0.014133237902329315,15.89579089508288,-3.49579089508288,-0.2819186205712
Mindanao tree shrew,260.6,1.25,11.5,1.25,4.796623177283193,0.019272107277225895,15.28423543078803,-3.78423543078803,-0.32906395050330695
Amazonian manatee,167594.0,55.015,40.0,55.015,0.3282635416542358,0.006641822536097814,31.31534221019075,8.68465778980925,0.21711644474523126
West Indian manatee,450000.0,70.0056,69.0,70.0056,0.155568,0.004029242413336747,36.54801494198968,32.45198505801032,0.4703186240291351
Northern short-tailed shrew,20.9,0.344,2.2,0.344,16.45933014354067,0.0351923872583794,9.874564196214903,-7.674564196214903,-3.488438271006774
Greater red musk shrew,33.2,0.248,2.2,0.248,7.469879518072289,0.017930736070405857,13.182070637761711,-10.982070637761712,-4.991850289891687
Bicolored shrew,11.7,0.166,2.9,0.166,14.188034188034191,0.02624029370407107,10.45250122452832,-7.552501224528319,-2.6043107670787307
White-toothed shrew,10.8,0.143,4.0,0.143,13.240740740740739,0.0240031489901121,10.728367603646502,-6.728367603646502,-1.6820919009116255
Lesser shrew,6.9,0.112,2.8,0.112,16.231884057971012,0.026307598468100647,9.927858676936996,-7.127858676936996,-2.5456638131917844
Least shrew,6.3,0.164,3.5,0.164,26.03174603174603,0.04124187826196195,8.218337467008324,-4.718337467008324,-1.3480964191452354
Eurasian water shrew,16.0,0.328,3.1,0.328,20.5,0.041,9.057350438611572,-5.957350438611572,-1.9217259479392166
Eurasian shrew,8.4,0.348,3.2,0.348,41.428571428571416,0.07052933343592903,6.734770858502128,-3.534770858502128,-1.104615893281915
White-toothed pygmy shrew,2.4,0.063,3.2,0.063,26.250000000000004,0.032672481307645114,8.189957580943565,-4.989957580943565,-1.559361744044864
Asian house shrew,39.7,0.403,3.2,0.403,10.151133501259444,0.025480747606216027,11.830080319081985,-8.630080319081983,-2.69690009971312
Star-nosed mole,49.0,0.615,2.5,0.615,12.551020408163264,0.03320687870009639,10.944959122513135,-8.444959122513135,-3.377983649005254
Eastern mole,48.0,0.378,6.2,0.378,7.875,0.020728165704001756,12.943165834245324,-6.743165834245324,-1.0876073926202134
Aardvark,48000.0,34.275,29.8,34.275,0.7140624999999999,0.010569307551655449,26.162619570075055,3.6373804299249457,0.12205974597063576
American alligator,1079.0,0.1539,77.0,0.1539,0.14263206672845227,0.0008174713414963701,37.170691120314096,39.829308879685904,0.5172637516842326
Tuatara,430.0,0.0605,90.0,0.0605,0.14069767441860465,0.0006406989805562923,37.26886625552359,52.73113374447641,0.5859014860497379
Southern alligator lizard,31.5,0.0132,9.8,0.0132,0.41904761904761906,0.0009927525604935896,29.660341641354414,-19.860341641354413,-2.026565473607593
Boa constrictor,3532.0,0.3589,40.4,0.3589,0.10161381653454134,0.0007833537687085121,39.62612014875343,0.7738798512465692,0.01915544186253884
European grass snake,94.2,0.0295,20.0,0.0295,0.31316348195329086,0.0009756270633236662,31.638002079754273,-11.638002079754273,-0.5819001039877136
Desert iguana,69.5,0.0441,14.6,0.0441,0.6345323741007194,0.0018321034225669392,26.922996112187136,-12.322996112187136,-0.8440408296018587
European green lizard,15.7,0.00337,10.0,0.00337,0.21464968152866246,0.0004272727162409435,34.263335262476,-24.263335262475998,-2.4263335262476
Indian python,12370.0,1.2661,34.2,1.2661,0.10235246564268392,0.0010794206796497364,39.57331577867467,-5.373315778674666,-0.1571144964524756
Reticulated python,32000.0,2.7349,29.4,2.7349,0.085465625,0.0011430861625500105,40.89199144176622,-11.491991441766224,-0.39088406264510966
Great Plains skink,30.0,0.0206,7.3,0.0206,0.6866666666666666,0.001607038492600225,26.413577805657656,-19.113577805657656,-2.6182983295421445
Australian blue-tongued lizard,493.0,0.2127,26.6,0.2127,0.43144016227180526,0.0020329762283268324,29.464889374896504,-2.864889374896503,-0.10770260807881589
Western whiptail,18.0,0.017,7.8,0.017,0.9444444444444445,0.0019453356359122782,24.397549967657692,-16.59754996765769,-2.127891021494576
Painted turtle,400.0,0.0236,61.0,0.0236,0.059,0.0002638560213449752,43.62584022155208,17.37415977844792,0.28482229144996585
Common slider,240.0,0.1157,41.3,0.1157,0.48208333333333336,0.001897470041378419,28.724823633540286,12.575176366459711,0.3044836892605257
